{"cameraMode":{"drawMode":0,"name":"Shaded","section":"Shading Mode"},"sceneLighting":true,"audioPlay":false,"sceneViewState":{"showFog":true,"showMaterialUpdate":false,"showSkybox":true,"showFlares":true,"showImageEffects":true,"showParticleSystems":true},"in2DMode":false,"pivot":{"x":-0.3571130037307739,"y":6.316055774688721,"z":-13.453763961791993},"rotation":{"x":0.0019802020397037269,"y":-0.9978993535041809,"z":0.043755900114774707,"w":0.04970218986272812},"size":9.027734756469727,"orthographic":false}