{"cameraMode":{"drawMode":0,"name":"Shaded","section":"Shading Mode"},"sceneLighting":false,"audioPlay":false,"sceneViewState":{"showFog":true,"showMaterialUpdate":false,"showSkybox":true,"showFlares":true,"showImageEffects":true,"showParticleSystems":true},"in2DMode":false,"pivot":{"x":-8.726757049560547,"y":6.719961643218994,"z":-0.4303304851055145},"rotation":{"x":-0.2292456179857254,"y":-0.6364887356758118,"z":0.20634344220161439,"w":-0.7071256041526794},"size":2.8578836917877199,"orthographic":false}