{"cameraMode":{"drawMode":0,"name":"Shaded","section":"Shading Mode"},"sceneLighting":true,"audioPlay":false,"sceneViewState":{"showFog":true,"showMaterialUpdate":false,"showSkybox":false,"showFlares":true,"showImageEffects":true,"showParticleSystems":true},"in2DMode":false,"pivot":{"x":86.5938720703125,"y":0.9732112884521484,"z":11.651102066040039},"rotation":{"x":-0.02654482051730156,"y":-0.6543222069740295,"z":0.022517260164022447,"w":-0.7555650472640991},"size":48.02668380737305,"orthographic":false}