{"cameraMode":{"drawMode":0,"name":"Shaded","section":"Shading Mode"},"sceneLighting":false,"audioPlay":false,"sceneViewState":{"showFog":true,"showMaterialUpdate":false,"showSkybox":false,"showFlares":true,"showImageEffects":true,"showParticleSystems":true},"in2DMode":false,"pivot":{"x":-0.3486076891422272,"y":2.6234612464904787,"z":2.9319396018981935},"rotation":{"x":0.0033913240768015386,"y":0.9813041090965271,"z":-0.19585812091827393,"w":-0.03775660693645477},"size":1.542370319366455,"orthographic":false}