{"cameraMode":{"drawMode":0,"name":"Shaded","section":"Shading Mode"},"sceneLighting":false,"audioPlay":false,"sceneViewState":{"showFog":true,"showMaterialUpdate":false,"showSkybox":true,"showFlares":true,"showImageEffects":true,"showParticleSystems":true},"in2DMode":false,"pivot":{"x":0.7699607014656067,"y":-0.5939397215843201,"z":1.7225664854049683},"rotation":{"x":-0.11988390982151032,"y":0.04823260009288788,"z":-0.005770034156739712,"w":-0.9916203618049622},"size":3.917005777359009,"orthographic":false}