{"cameraMode":{"drawMode":0,"name":"Shaded","section":"Shading Mode"},"sceneLighting":true,"audioPlay":false,"sceneViewState":{"showFog":true,"showMaterialUpdate":false,"showSkybox":true,"showFlares":true,"showImageEffects":true,"showParticleSystems":true},"in2DMode":false,"pivot":{"x":47.606361389160159,"y":-49.0524787902832,"z":66.33599853515625},"rotation":{"x":-0.2656336724758148,"y":-0.3037182688713074,"z":0.08859014511108399,"w":-0.9106926321983337},"size":100.02593231201172,"orthographic":false}