{"cameraMode":{"drawMode":0,"name":"Shaded","section":"Shading Mode"},"sceneLighting":true,"audioPlay":false,"sceneViewState":{"showFog":true,"showMaterialUpdate":false,"showSkybox":true,"showFlares":true,"showImageEffects":true,"showParticleSystems":true},"in2DMode":false,"pivot":{"x":-14.73585033416748,"y":-23.083703994750978,"z":152.30474853515626},"rotation":{"x":0.0942125990986824,"y":-0.05611572414636612,"z":0.005284590646624565,"w":0.9939767718315125},"size":67.18473052978516,"orthographic":false}