{"cameraMode":{"drawMode":0,"name":"Shaded","section":"Shading Mode"},"sceneLighting":false,"audioPlay":false,"sceneViewState":{"showFog":true,"showMaterialUpdate":false,"showSkybox":true,"showFlares":true,"showImageEffects":true,"showParticleSystems":true},"in2DMode":false,"pivot":{"x":5.618593215942383,"y":-1.982201337814331,"z":-0.8851326704025269},"rotation":{"x":-0.1470419466495514,"y":-0.7886519432067871,"z":0.2071070671081543,"w":-0.5599291920661926},"size":5.472431182861328,"orthographic":false}