{"cameraMode":{"drawMode":0,"name":"Shaded","section":"Shading Mode"},"sceneLighting":false,"audioPlay":false,"sceneViewState":{"showFog":true,"showMaterialUpdate":false,"showSkybox":true,"showFlares":true,"showImageEffects":true,"showParticleSystems":true},"in2DMode":false,"pivot":{"x":6.37000036239624,"y":4.252998352050781,"z":26.099058151245118},"rotation":{"x":-0.019384918734431268,"y":0.9594727158546448,"z":-0.06804700195789337,"w":-0.2729880213737488},"size":22.0,"orthographic":false}