{"cameraMode":{"drawMode":0,"name":"Shaded","section":"Shading Mode"},"sceneLighting":true,"audioPlay":false,"sceneViewState":{"showFog":true,"showMaterialUpdate":false,"showSkybox":false,"showFlares":true,"showImageEffects":true,"showParticleSystems":true},"in2DMode":false,"pivot":{"x":-1.7967982292175294,"y":66.89928436279297,"z":-145.86964416503907},"rotation":{"x":-0.02026328630745411,"y":-0.9773604869842529,"z":0.17936497926712037,"w":-0.11041028052568436},"size":10.0,"orthographic":false}