{"cameraMode":{"drawMode":0,"name":"Shaded","section":"Shading Mode"},"sceneLighting":false,"audioPlay":false,"sceneViewState":{"showFog":true,"showMaterialUpdate":false,"showSkybox":false,"showFlares":true,"showImageEffects":true,"showParticleSystems":true},"in2DMode":false,"pivot":{"x":4.688234329223633,"y":-9.943367004394532,"z":-16.76108741760254},"rotation":{"x":-0.0068187415599823,"y":0.9353231191635132,"z":-0.35369932651519778,"w":-0.02288406528532505},"size":19.571290969848634,"orthographic":false}