{"cameraMode":{"drawMode":0,"name":"Shaded","section":"Shading Mode"},"sceneLighting":true,"audioPlay":false,"sceneViewState":{"showFog":true,"showMaterialUpdate":false,"showSkybox":false,"showFlares":true,"showImageEffects":true,"showParticleSystems":true},"in2DMode":false,"pivot":{"x":14.921761512756348,"y":123.0332260131836,"z":-19.60485076904297},"rotation":{"x":-0.1523318737745285,"y":0.7786393165588379,"z":-0.2272920459508896,"w":-0.5670998096466065},"size":130.9407958984375,"orthographic":false}