{"cameraMode":{"drawMode":0,"name":"Shaded","section":"Shading Mode"},"sceneLighting":false,"audioPlay":false,"sceneViewState":{"showFog":true,"showMaterialUpdate":false,"showSkybox":true,"showFlares":true,"showImageEffects":true,"showParticleSystems":true},"in2DMode":false,"pivot":{"x":0.1525476723909378,"y":0.06450004875659943,"z":0.32395976781845095},"rotation":{"x":-0.038141049444675449,"y":0.6675778031349182,"z":-0.0342949777841568,"w":-0.74293452501297},"size":1.820027470588684,"orthographic":false}