{"cameraMode":{"drawMode":0,"name":"Shaded","section":"Shading Mode"},"sceneLighting":false,"audioPlay":false,"sceneViewState":{"showFog":true,"showMaterialUpdate":false,"showSkybox":false,"showFlares":true,"showImageEffects":true,"showParticleSystems":true},"in2DMode":false,"pivot":{"x":-0.4083832800388336,"y":-81.92980194091797,"z":60.312259674072269},"rotation":{"x":-0.540561318397522,"y":-0.039918024092912677,"z":0.02368166483938694,"w":-0.8404419422149658},"size":35.666954040527347,"orthographic":false}