{"cameraMode":{"drawMode":0,"name":"Shaded","section":"Shading Mode"},"sceneLighting":false,"audioPlay":false,"sceneViewState":{"showFog":true,"showMaterialUpdate":false,"showSkybox":true,"showFlares":true,"showImageEffects":true,"showParticleSystems":true},"in2DMode":false,"pivot":{"x":0.24078725278377534,"y":0.6027379035949707,"z":0.3001124858856201},"rotation":{"x":-0.07521072030067444,"y":0.027516288682818414,"z":-0.0020779480691999199,"w":-0.9967970252037048},"size":2.8578836917877199,"orthographic":false}