{"cameraMode":{"drawMode":0,"name":"Shaded","section":"Shading Mode"},"sceneLighting":false,"audioPlay":false,"sceneViewState":{"showFog":true,"showMaterialUpdate":false,"showSkybox":true,"showFlares":true,"showImageEffects":true,"showParticleSystems":true},"in2DMode":false,"pivot":{"x":3.518767833709717,"y":4.306302070617676,"z":2.78538179397583},"rotation":{"x":-0.2483261376619339,"y":0.7346285581588745,"z":-0.34906014800071719,"w":-0.526904821395874},"size":1.0819767713546754,"orthographic":false}