{"cameraMode":{"drawMode":0,"name":"Shaded","section":"Shading Mode"},"sceneLighting":false,"audioPlay":false,"sceneViewState":{"showFog":true,"showMaterialUpdate":false,"showSkybox":true,"showFlares":true,"showImageEffects":true,"showParticleSystems":true},"in2DMode":false,"pivot":{"x":-0.27631914615631106,"y":-1.8595716953277588,"z":2.9363040924072267},"rotation":{"x":-0.333855539560318,"y":-0.19539324939250947,"z":0.07095327973365784,"w":-0.9194238781929016},"size":2.8578836917877199,"orthographic":false}