{"cameraMode":{"drawMode":0,"name":"Shaded","section":"Shading Mode"},"sceneLighting":false,"audioPlay":false,"sceneViewState":{"showFog":true,"showMaterialUpdate":false,"showSkybox":true,"showFlares":true,"showImageEffects":true,"showParticleSystems":true},"in2DMode":false,"pivot":{"x":1.628169059753418,"y":0.8370990753173828,"z":-0.47886157035827639},"rotation":{"x":0.09762569516897202,"y":-0.025067705661058427,"z":0.0024566289503127338,"w":0.9949373602867127},"size":10.092933654785157,"orthographic":false}